{"cameraMode":{"drawMode":0,"name":"Shaded","section":"Shading Mode"},"sceneLighting":true,"audioPlay":false,"sceneViewState":{"showFog":true,"showMaterialUpdate":false,"showSkybox":true,"showFlares":true,"showImageEffects":true,"showParticleSystems":true},"in2DMode":false,"pivot":{"x":239.12303161621095,"y":-107.66763305664063,"z":226.4586181640625},"rotation":{"x":0.14516767859458924,"y":0.3860926032066345,"z":-0.06171813979744911,"w":0.9089388251304627},"size":394.327392578125,"orthographic":false}