{"cameraMode":{"drawMode":0,"name":"Shaded","section":"Shading Mode"},"sceneLighting":false,"audioPlay":false,"sceneViewState":{"showFog":true,"showMaterialUpdate":false,"showSkybox":true,"showFlares":true,"showImageEffects":true,"showParticleSystems":true},"in2DMode":false,"pivot":{"x":-15.819999694824219,"y":1.0,"z":-15.90999984741211},"rotation":{"x":-0.0006630481220781803,"y":-0.8119257092475891,"z":0.5838137269020081,"w":-0.0010041899513453246},"size":1344.526611328125,"orthographic":false}