{"cameraMode":{"drawMode":0,"name":"Shaded","section":"Shading Mode"},"sceneLighting":false,"audioPlay":false,"sceneViewState":{"showFog":true,"showMaterialUpdate":false,"showSkybox":true,"showFlares":true,"showImageEffects":true,"showParticleSystems":true},"in2DMode":false,"pivot":{"x":2.990000009536743,"y":0.5,"z":-15.729999542236329},"rotation":{"x":0.3221656382083893,"y":0.08504045754671097,"z":-0.029098818078637124,"w":0.942424476146698},"size":3.086867570877075,"orthographic":false}