{"cameraMode":{"drawMode":0,"name":"Shaded","section":"Shading Mode"},"sceneLighting":true,"audioPlay":false,"sceneViewState":{"showFog":true,"showMaterialUpdate":false,"showSkybox":true,"showFlares":true,"showImageEffects":true,"showParticleSystems":true},"in2DMode":false,"pivot":{"x":53.515567779541019,"y":-226.43894958496095,"z":247.26528930664063},"rotation":{"x":0.35822007060050967,"y":0.09607619047164917,"z":-0.03715774789452553,"w":0.9280055165290833},"size":394.327392578125,"orthographic":false}