{"cameraMode":{"drawMode":0,"name":"Shaded","section":"Shading Mode"},"sceneLighting":true,"audioPlay":false,"sceneViewState":{"showFog":true,"showMaterialUpdate":false,"showSkybox":true,"showFlares":true,"showImageEffects":true,"showParticleSystems":true},"in2DMode":false,"pivot":{"x":-8.419147491455079,"y":14.937053680419922,"z":-27.474042892456056},"rotation":{"x":0.3221656382083893,"y":0.08504045754671097,"z":-0.029098818078637124,"w":0.942424476146698},"size":4.041658401489258,"orthographic":false}