{"cameraMode":{"drawMode":0,"name":"Shaded","section":"Shading Mode"},"sceneLighting":false,"audioPlay":false,"sceneViewState":{"showFog":true,"showMaterialUpdate":false,"showSkybox":true,"showFlares":true,"showImageEffects":true,"showParticleSystems":true},"in2DMode":false,"pivot":{"x":11.940568923950196,"y":-70.92250061035156,"z":199.574951171875},"rotation":{"x":0.1414136439561844,"y":0.01304538268595934,"z":-0.001925325021147728,"w":0.9899194836616516},"size":22.0,"orthographic":false}