{"cameraMode":{"drawMode":0,"name":"Shaded","section":"Shading Mode"},"sceneLighting":true,"audioPlay":false,"sceneViewState":{"showFog":true,"showMaterialUpdate":false,"showSkybox":true,"showFlares":true,"showImageEffects":true,"showParticleSystems":true},"in2DMode":false,"pivot":{"x":0.35470739006996157,"y":28.25526237487793,"z":-1.877625584602356},"rotation":{"x":-0.5090222954750061,"y":-0.490719199180603,"z":0.4893072843551636,"w":-0.5106117129325867},"size":21.964784622192384,"orthographic":false}