{"cameraMode":{"drawMode":0,"name":"Shaded","section":"Shading Mode"},"sceneLighting":true,"audioPlay":false,"sceneViewState":{"showFog":true,"showMaterialUpdate":false,"showSkybox":true,"showFlares":true,"showImageEffects":true,"showParticleSystems":true},"in2DMode":false,"pivot":{"x":4.174511909484863,"y":2.4616031646728517,"z":-1.5600395202636719},"rotation":{"x":0.26681891083717348,"y":0.4611840844154358,"z":-0.14768655598163606,"w":0.8332692384719849},"size":56.26433563232422,"orthographic":false}