{"cameraMode":{"drawMode":0,"name":"Shaded","section":"Shading Mode"},"sceneLighting":true,"audioPlay":false,"sceneViewState":{"showFog":true,"showMaterialUpdate":false,"showSkybox":true,"showFlares":true,"showImageEffects":true,"showParticleSystems":true},"in2DMode":false,"pivot":{"x":-14.442617416381836,"y":-39.82353973388672,"z":-0.16782346367835999},"rotation":{"x":0.36240923404693606,"y":-0.6041975617408752,"z":0.35708704590797427,"w":0.613416314125061},"size":73.17405700683594,"orthographic":false}