{"cameraMode":{"drawMode":0,"name":"Shaded","section":"Shading Mode"},"sceneLighting":true,"audioPlay":false,"sceneViewState":{"showFog":true,"showMaterialUpdate":false,"showSkybox":true,"showFlares":true,"showImageEffects":true,"showParticleSystems":true},"in2DMode":false,"pivot":{"x":0.31562280654907229,"y":5.303694725036621,"z":1.5398085117340088},"rotation":{"x":0.3578539490699768,"y":-0.441440224647522,"z":0.19783779978752137,"w":0.7988227009773254},"size":8.573651313781739,"orthographic":false}