{"cameraMode":{"drawMode":0,"name":"Shaded","section":"Shading Mode"},"sceneLighting":true,"audioPlay":false,"sceneViewState":{"showFog":true,"showMaterialUpdate":false,"showSkybox":true,"showFlares":true,"showImageEffects":true,"showParticleSystems":true},"in2DMode":false,"pivot":{"x":1.7572895288467408,"y":-5.60504150390625,"z":-0.39113330841064455},"rotation":{"x":0.5666306018829346,"y":-0.00123431661631912,"z":0.000850957992952317,"w":0.8239914178848267},"size":22.943445205688478,"orthographic":false}