{"cameraMode":{"drawMode":0,"name":"Shaded","section":"Shading Mode"},"sceneLighting":false,"audioPlay":false,"sceneViewState":{"showFog":true,"showMaterialUpdate":false,"showSkybox":true,"showFlares":true,"showImageEffects":true,"showParticleSystems":true},"in2DMode":false,"pivot":{"x":2.1947643756866457,"y":6.792530536651611,"z":-5.917314529418945},"rotation":{"x":0.40884333848953249,"y":-0.011223764158785344,"z":0.005019547883421183,"w":0.912575364112854},"size":2.8578836917877199,"orthographic":false}