{"cameraMode":{"drawMode":0,"name":"Shaded","section":"Shading Mode"},"sceneLighting":true,"audioPlay":false,"sceneViewState":{"showFog":true,"showMaterialUpdate":false,"showSkybox":true,"showFlares":true,"showImageEffects":true,"showParticleSystems":true},"in2DMode":false,"pivot":{"x":2.474132537841797,"y":-53.50811004638672,"z":82.7904281616211},"rotation":{"x":-0.3027510941028595,"y":-0.03659059479832649,"z":0.011627682484686375,"w":-0.9523009657859802},"size":145.43064880371095,"orthographic":false}