{"cameraMode":{"drawMode":0,"name":"Shaded","section":"Shading Mode"},"sceneLighting":true,"audioPlay":false,"sceneViewState":{"showFog":true,"showMaterialUpdate":false,"showSkybox":true,"showFlares":true,"showImageEffects":true,"showParticleSystems":true},"in2DMode":false,"pivot":{"x":-0.6876051425933838,"y":1.8852241039276124,"z":1.2767791748046876},"rotation":{"x":0.10949494689702988,"y":-0.8828416466712952,"z":0.25520092248916628,"w":0.3787832260131836},"size":4.041658401489258,"orthographic":false}