{"cameraMode":{"drawMode":0,"name":"Shaded","section":"Shading Mode"},"sceneLighting":false,"audioPlay":false,"sceneViewState":{"showFog":true,"showMaterialUpdate":false,"showSkybox":true,"showFlares":true,"showImageEffects":true,"showParticleSystems":true},"in2DMode":false,"pivot":{"x":0.18803268671035767,"y":5.25681734085083,"z":-2.1075026988983156},"rotation":{"x":-0.35743966698646548,"y":0.5559011101722717,"z":-0.28645867109298708,"w":-0.6936639547348023},"size":1.6627042293548585,"orthographic":false}