{"cameraMode":{"drawMode":0,"name":"Shaded","section":"Shading Mode"},"sceneLighting":false,"audioPlay":false,"sceneViewState":{"showFog":true,"showMaterialUpdate":false,"showSkybox":true,"showFlares":true,"showImageEffects":true,"showParticleSystems":true},"in2DMode":false,"pivot":{"x":-2.8232784271240236,"y":1.3634096384048463,"z":-2.4542758464813234},"rotation":{"x":-0.12939271330833436,"y":0.6979855298995972,"z":-0.13048453629016877,"w":-0.6921513676643372},"size":1.6627044677734376,"orthographic":false}