{"cameraMode":{"drawMode":0,"name":"Shaded","section":"Shading Mode"},"sceneLighting":false,"audioPlay":false,"sceneViewState":{"showFog":true,"showMaterialUpdate":false,"showSkybox":true,"showFlares":true,"showImageEffects":true,"showParticleSystems":true},"in2DMode":false,"pivot":{"x":6.391453266143799,"y":0.3834095597267151,"z":-1.5762555599212647},"rotation":{"x":-0.11723872274160385,"y":0.7400191426277161,"z":-0.13375166058540345,"w":-0.6486558318138123},"size":1.9627037048339844,"orthographic":false}