{"cameraMode":{"drawMode":0,"name":"Shaded","section":"Shading Mode"},"sceneLighting":false,"audioPlay":false,"sceneViewState":{"showFog":true,"showMaterialUpdate":false,"showSkybox":true,"showFlares":true,"showImageEffects":true,"showParticleSystems":true},"in2DMode":false,"pivot":{"x":-1.4096945524215699,"y":1.6922725439071656,"z":-2.452376127243042},"rotation":{"x":-0.0794917568564415,"y":0.6737070679664612,"z":-0.07325608283281326,"w":-0.7310547828674316},"size":1.6627044677734376,"orthographic":false}