{"cameraMode":{"drawMode":0,"name":"Shaded","section":"Shading Mode"},"sceneLighting":true,"audioPlay":false,"sceneViewState":{"showFog":true,"showMaterialUpdate":false,"showSkybox":true,"showFlares":true,"showImageEffects":true,"showParticleSystems":true},"in2DMode":false,"pivot":{"x":-2.5684802532196047,"y":-12.461487770080567,"z":42.64919662475586},"rotation":{"x":-0.14078710973262788,"y":0.027318743988871576,"z":-0.0038864065427333118,"w":-0.9896577596664429},"size":50.96860122680664,"orthographic":false}