{"cameraMode":{"drawMode":0,"name":"Shaded","section":"Shading Mode"},"sceneLighting":true,"audioPlay":false,"sceneViewState":{"showFog":true,"showMaterialUpdate":false,"showSkybox":true,"showFlares":true,"showImageEffects":true,"showParticleSystems":true},"in2DMode":false,"pivot":{"x":20.130847930908204,"y":2.362485885620117,"z":6.022853851318359},"rotation":{"x":-0.028128044679760934,"y":-0.9659220576286316,"z":0.22809886932373048,"w":-0.11912152916193009},"size":58.265869140625,"orthographic":false}