{"cameraMode":{"drawMode":0,"name":"Shaded","section":"Shading Mode"},"sceneLighting":true,"audioPlay":false,"sceneViewState":{"showFog":true,"showMaterialUpdate":false,"showSkybox":true,"showFlares":true,"showImageEffects":true,"showParticleSystems":true},"in2DMode":false,"pivot":{"x":-6.740089416503906,"y":5.410315990447998,"z":-3.4683022499084474},"rotation":{"x":0.2951580286026001,"y":0.34021446108818056,"z":-0.11418506503105164,"w":0.885847270488739},"size":0.8715782761573792,"orthographic":false}