{"cameraMode":{"drawMode":0,"name":"Shaded","section":"Shading Mode"},"sceneLighting":true,"audioPlay":false,"sceneViewState":{"showFog":true,"showMaterialUpdate":false,"showSkybox":true,"showFlares":true,"showImageEffects":true,"showParticleSystems":true},"in2DMode":false,"pivot":{"x":-5.707240581512451,"y":19.43528938293457,"z":-18.853622436523439},"rotation":{"x":-0.45125317573547366,"y":-0.049772024154663089,"z":0.028114162385463716,"w":-0.8910930752754211},"size":5.671578884124756,"orthographic":false}