{"cameraMode":{"drawMode":0,"name":"Shaded","section":"Shading Mode"},"sceneLighting":true,"audioPlay":false,"sceneViewState":{"showFog":true,"showMaterialUpdate":false,"showSkybox":true,"showFlares":true,"showImageEffects":true,"showParticleSystems":true},"in2DMode":false,"pivot":{"x":28.75811767578125,"y":-8.128690719604493,"z":-18.139301300048829},"rotation":{"x":-0.5566256046295166,"y":0.033770203590393069,"z":-0.019569195806980134,"w":-0.8304280042648315},"size":23.303499221801759,"orthographic":false}