{"cameraMode":{"drawMode":0,"name":"Shaded","section":"Shading Mode"},"sceneLighting":true,"audioPlay":false,"sceneViewState":{"showFog":true,"showMaterialUpdate":false,"showSkybox":true,"showFlares":true,"showImageEffects":true,"showParticleSystems":true},"in2DMode":false,"pivot":{"x":-3.1080117225646974,"y":6.166788578033447,"z":-9.219269752502442},"rotation":{"x":0.18720974028110505,"y":-0.02799190580844879,"z":0.005337440874427557,"w":0.9819087386131287},"size":-0.6694937944412231,"orthographic":false}