{"cameraMode":{"drawMode":0,"name":"Shaded","section":"Shading Mode"},"sceneLighting":true,"audioPlay":false,"sceneViewState":{"showFog":true,"showMaterialUpdate":false,"showSkybox":true,"showFlares":true,"showImageEffects":true,"showParticleSystems":true},"in2DMode":false,"pivot":{"x":2.643427610397339,"y":22.978199005126954,"z":-19.419586181640626},"rotation":{"x":-0.431931734085083,"y":0.0011219085427001119,"z":0.002600718755275011,"w":-0.902433454990387},"size":22.0,"orthographic":false}