{"cameraMode":{"drawMode":0,"name":"Shaded","section":"Shading Mode"},"sceneLighting":false,"audioPlay":false,"sceneViewState":{"showFog":true,"showMaterialUpdate":false,"showSkybox":true,"showFlares":true,"showImageEffects":true,"showParticleSystems":true},"in2DMode":false,"pivot":{"x":6.820000171661377,"y":0.9900001287460327,"z":-3.0299999713897707},"rotation":{"x":-0.32709094882011416,"y":0.11814870685338974,"z":-0.03824836388230324,"w":-0.9373090863227844},"size":2.6744778156280519,"orthographic":false}