{"cameraMode":{"drawMode":0,"name":"Shaded","section":"Shading Mode"},"sceneLighting":true,"audioPlay":false,"sceneViewState":{"showFog":true,"showMaterialUpdate":false,"showSkybox":true,"showFlares":true,"showImageEffects":true,"showParticleSystems":true},"in2DMode":false,"pivot":{"x":11.979850769042969,"y":8.190465927124024,"z":6.636634826660156},"rotation":{"x":-0.018628058955073358,"y":0.9836223721504211,"z":-0.10262910276651383,"w":-0.15022556483745576},"size":22.299999237060548,"orthographic":false}