{"cameraMode":{"drawMode":0,"name":"Shaded","section":"Shading Mode"},"sceneLighting":true,"audioPlay":false,"sceneViewState":{"showFog":true,"showMaterialUpdate":false,"showSkybox":true,"showFlares":true,"showImageEffects":true,"showParticleSystems":true},"in2DMode":false,"pivot":{"x":9.143518447875977,"y":20.005889892578126,"z":-37.401981353759769},"rotation":{"x":-0.26334691047668459,"y":0.031033789739012719,"z":-0.005542347673326731,"w":-0.9646829962730408},"size":9.333930015563965,"orthographic":false}